,accuracy,precision,recall,f1,roc_auc
Logistic Regression,0.9013484740951029,0.7701149425287356,0.8957219251336899,0.8281829419035847,0.9679635226949804
Random Forest,0.9233498935415189,0.841025641025641,0.8770053475935828,0.8586387434554974,0.9753390684336976
Gradient Boosting,0.9254790631653655,0.8853868194842407,0.8262032085561497,0.8547717842323651,0.9762406675450155
